temp,RH,wind,rain,FFMC,ISI,BUI,FWI,region,fire,wind_rain_interaction
0.37967743377711527,-0.6774389365454836,0.0,-0.5,0.40337775379527746,0.2483278724061969,0.5233678671295399,0.27787514536353186,Bejaia,1,-0.5
-0.07855395181595295,-0.30108397179799284,0.45175395145262565,-0.5,0.2317276457972903,0.13746721508200177,-0.20273315732215844,0.15156826110738109,Bejaia,1,-0.5
-0.5367853374090211,0.639803440070734,-0.6776309271789385,-0.5,-0.2832226781966834,-0.6385573861873641,-0.3824611336715883,-0.49801000078139535,Bejaia,0,-0.5
-1.3877864820818635,1.5806908519394607,-1.355261854357877,2.0,-1.6993360691801065,-1.3702377245270518,-1.4752072298761212,-1.490421234222581,Bejaia,0,2.0
1.6234483375297315,-1.2419713836667197,1.5811388300841898,-0.5,1.3474533477842283,1.6230000232262163,1.537033653740324,1.5589878285330627,Sidi Bel-abbes,1,-0.5
